{"tfjsVersion":"1.3.1","tmVersion":"2.4.4","packageVersion":"0.8.4-alpha2","packageName":"@teachablemachine/image","timeStamp":"2021-09-18T21:28:19.088Z","userMetadata":{},"modelName":"tm-my-image-model","labels":["Affenpinscher","afghan_hound","Airedale terrier","alaskan_klee_kai","alaskan_malamute","American staffordshire terrier","appenzeller_sennenhund","australian_kelpie","australian_terrier","Basenji","Basset","Beagle","bedlington_terrier","belgian_shepherd","bernese_mountain","black_and_tan_coonhound","bloodhound","bluetick_coonhound","border_collie","border_terrier","borzoi","boston_terrier","bouvier_des_flandres","boxer","briard","brittany","brussels_griffon","bullmastiff","cairn_terrier","chesapeake_bay_retriever","chihuahua","chow-chow","clumber_spaniel","collie","curly-coated_retriever","dandie_dinmont_terrier","dobermann","english_cocker_spaniel","english_foxhound","english_setter","english_springer_spaniel","entlebucher_sennenhund","flat-coated_retriever","french_bulldog","german_shepherd","german_shorthaired_pointer","giant_schnauzer","golden_retriever","gordon_setter","great_dane","greater_swiss_mountain_dog","groenendael","ibizan_hound","irish_setter","irish_terrier","irish_water_spaniel","irish_wolfhound","italian_greyhound","jack-russell","japanese_chin","keeshond","kerry_blue_terrier","king_charles_spaniel","komondor","kuvasz","labrador_retriever","lakeland_terrier","leonberger","lhasa_apso","maltese_dog","miniature_pinscher","miniature_poodle","miniature_schnauzer","newfoundland","norfolk_terrier","norwegian_elkhound","norwich_terrier","old_english_sheepdog","otterhound","papillon_dog","pekingese","pomeranian","poodle","pug","pyrenean_mountain_dog","redbone_coonhound","rhodesian_ridgeback","rottweiler","saluki","samoyed","schipperke","scottish_deerhound","scottish_terrier","sealyham_terrier","shetland_sheepdog","shih-tzu","siberian_husky","silky_terrier","soft-coated_wheaten_terrier","St. Bernard","staffordshire_bullterrier","standard_schnauzer","sussex_spaniel","tibetan_mastiff","tibetan_terrier","toy_poodle","toy_terrier","vizsla","walker_coonhound","weimaraner","welsh_corgi_cardigan","welsh_corgi_pembroke","welsh_springer_spaniel","west_highland_white_terrier","whippet","wild_dog","wire_fox_terrier","xoloitzcuintle","yorkshire_terrier"],"imageSize":224}